{"start_game": [[1700745081.6654596, ""]], "turn_id": [[1700745081.6654634, 1]]}