{"start_game": [[1700901739.4134538, ""]], "turn_id": [[1700901739.4152062, 1]]}