{"start_game": [[1702133427.6002169, ""]], "turn_id": [[1702133427.6002207, 1]]}