{"start_game": [[1702412861.2607934, ""]], "turn_id": [[1702412861.2608006, 1]]}