{"start_game": [[1702397541.7306085, ""]], "turn_id": [[1702397541.7306156, 1], [1702397550.3233936, 2], [1702397553.665083, 3], [1702397557.0815914, 4], [1702397560.3078144, 5], [1702397564.0281236, 6], [1702397567.484137, 7], [1702397570.3989797, 8], [1702397573.3557315, 9], [1702397576.7842236, 10], [1702397580.1094906, 11], [1702397583.1869822, 12], [1702397586.4023855, 13], [1702397589.578883, 14], [1702397592.790098, 15], [1702397596.0663111, 16], [1702397599.3247235, 17], [1702397602.6210723, 18], [1702397606.3883014, 19], [1702397610.7834013, 20], [1702397614.0067828, 21], [1702397617.645852, 22], [1702397621.5701694, 23], [1702397625.1446187, 24], [1702397629.1135838, 25], [1702397632.9189467, 26], [1702397636.4130237, 27], [1702397639.927635, 28], [1702397643.5156372, 29], [1702397647.0308821, 30], [1702397650.3873148, 31], [1702397653.705758, 32], [1702397657.0072472, 33], [1702397660.2891467, 34], [1702397663.6369953, 35], [1702397666.9525285, 36], [1702397670.5887017, 37], [1702397673.9544384, 38], [1702397678.0388649, 39], [1702397681.2072225, 40], [1702397684.6215262, 41], [1702397688.3918605, 42], [1702397691.6477664, 43], [1702397694.987406, 44], [1702397698.447631, 45], [1702397702.209031, 46], [1702397705.5526788, 47], [1702397708.9510791, 48], [1702397712.27175, 49], [1702397715.6334012, 50], [1702397718.9591799, 51], [1702397722.327773, 52], [1702397725.7678668, 53], [1702397729.1636581, 54], [1702397733.488624, 55], [1702397736.967551, 56], [1702397740.3281019, 57], [1702397744.0073297, 58], [1702397747.4001234, 59], [1702397751.1074421, 60], [1702397754.6708324, 61], [1702397758.261217, 62], [1702397761.8217804, 63], [1702397765.6873538, 64], [1702397769.2618506, 65], [1702397772.6104124, 66], [1702397775.878047, 67], [1702397779.5917552, 68], [1702397782.9865787, 69], [1702397786.6469758, 70], [1702397791.0104864, 71], [1702397795.118573, 72], [1702397798.607469, 73], [1702397802.1419556, 74], [1702397805.6279862, 75], [1702397809.041911, 76], [1702397812.7968163, 77], [1702397816.3525505, 78], [1702397820.158145, 79], [1702397823.6765363, 80], [1702397827.3867671, 81], [1702397831.1575396, 82], [1702397834.7975166, 83], [1702397838.285981, 84], [1702397842.3505394, 85], [1702397846.5143528, 86], [1702397849.9609246, 87], [1702397853.4062424, 88], [1702397856.9067087, 89], [1702397860.3072755, 90], [1702397863.8080785, 91], [1702397867.557152, 92], [1702397871.480774, 93], [1702397875.2455163, 94], [1702397878.9077604, 95], [1702397882.1599574, 96], [1702397885.405688, 97]], "enter_arena": [[1702397546.109022, {"cid": "Zeus", "teamid": "team1", "life": 5, "strength": 1, "armor": 7, "speed": 5, "action": "None", "target": "None", "dead": false}], [1702397546.1120028, {"cid": "Athena", "teamid": "team2", "life": 3, "strength": 0, "armor": 7, "speed": 4, "action": "None", "target": "None", "dead": false}]], "gold": [[1702397546.1090226, {"Zeus": 0}], [1702397546.1120036, {"Athena": 0}]], "set_action": [[1702397547.64274, {"cid": "Zeus", "teamid": "team1", "life": 5, "strength": 1, "armor": 7, "speed": 5, "action": "None", "target": "None", "dead": false}], [1702397547.6448138, {"cid": "Athena", "teamid": "team2", "life": 3, "strength": 0, "armor": 7, "speed": 4, "action": "None", "target": "None", "dead": false}], [1702397587.6973715, {"cid": "Zeus", "teamid": "team1", "life": 5, "strength": 1, "armor": 7, "speed": 5, "action": "None", "target": "None", "dead": false}], [1702397587.7001262, {"cid": "Athena", "teamid": "team2", "life": 3, "strength": 0, "armor": 7, "speed": 4, "action": "None", "target": "None", "dead": false}]], "set_target": [[1702397547.642757, {"cid": "Zeus", "teamid": "team1", "life": 5, "strength": 1, "armor": 7, "speed": 5, "action": "None", "target": "Athena", "dead": false}], [1702397547.6448233, {"cid": "Athena", "teamid": "team2", "life": 3, "strength": 0, "armor": 7, "speed": 4, "action": "None", "target": "Zeus", "dead": false}], [1702397587.697381, {"cid": "Zeus", "teamid": "team1", "life": 5, "strength": 1, "armor": 7, "speed": 5, "action": "None", "target": "Athena", "dead": false}], [1702397587.70015, {"cid": "Athena", "teamid": "team2", "life": 3, "strength": 0, "armor": 7, "speed": 4, "action": "None", "target": "Zeus", "dead": false}]]}