{"start_game": [[1700745447.2249331, ""]], "turn_id": [[1700745447.2249358, 1]]}